Name,Height,Weight,Country,Gender
"Abbadi, Ilyas",170,69,Algeria,M
"Abbate, Simona",171,64,Italy,W
"Abdelaal, Hesham",167,52,Egypt,M
"Abian, Pablo",177,78,Spain,M
"Abrantes, Arnaldo",184,78,Portugal,M
"Abril, Erika",158,47,Colombia,W
"Abshero, Ayele",168,62,Ethiopia,M
"Achara, Kieron",208,110,Team GB,M
"Achour, Dallal Merwa",176,45,Algeria,W
"Adam, Idrissa",178,79,Cameroon,M
"Adams, Lyukman",194,87,Russian Federation,M
"Adams, Nicola",164,51,Team GB,W
"Adcock, Chris",183,80,Team GB,M
"Adeoye, Margaret",162,65,Team GB,W
"Adlington, Rebecca",179,70,Team GB,W
"Afroudakis, Georgios",194,103,Greece,M
"Agamennoni, Luca",188,96,Italy,M
"Agrafioti, Anna",178,76,Greece,W
"Ahmed, Abdou Omar Abdou",172,66,Egypt,M
"Ahye, Michelle-Lee",160,64,Trinidad and Tobago,W
"Ainslie, Ben",183,90,Team GB,M
"Akrout, Youssef",180,78,Tunisia,M
"Alberto Francisca, Nely",178,81,Spain,W
"Aldama, Yamile",172,62,Team GB,W
"Alegre, Ramon",171,71,Spain,M
"Alibaba, Khalid",165,60,Bahrain,M
"Allegrini, Agnese",162,57,Italy,W
"Allen, Dominique",188,86,Team GB,W
"Allen, Elena",169,67,Team GB,W
"Allen, Joe",170,65,Team GB,M
"Allen, Sophie",170,65,Team GB,W
"ALLEYNE-FORTE, Ade",180,73,Trinidad and Tobago,M
"Almeida Campos, Manuel",163,60,Portugal,M
"Almeida, Carlos",182,87,Portugal,M
"Alozie, Anthony",171,79,Australian Olympic Team,M
"Aluko, Eniola",157,56,Team GB,W
"Alvear, Yuri",174,70,Colombia,W
"Amanova, Ranohon",174,61,Uzbekistan,W
"Andersen, David",212,102,Australian Olympic Team,M
"Anderson, Alyssa",173,64,Team USA,W
"Anderson, Rose",175,70,Team GB,W
"Ando, Shunsuke",185,79,Japan,M
"Andrades Mendoza, Marcia Yuleisi",165,55,Venezuela,W
"Andreeva, Viktoriia",189,76,Russian Federation,W
"Andryei, Tamir",181,80,Mongolia,M
"Antonov, Semen",202,97,Russian Federation,M
"Aranowski, Krystian",198,100,Poland,M
"Araujo, Adriana",169,60,Brazil,W
"Archibald, Robert",212,115,Team GB,M
"Ariyoshi, Saori",158,53,Japan,W
"Armitstead, Lizzie",168,57,Team GB,W
"Armstrong, Kristin",173,58,Team USA,W
"Asano, Sakiyo",164,60,Japan,W
"Asante, Anita",166,64,Team GB,W
"Asmerom, Yared",171,58,Eritrea,M
"Assefa, Sofia",168,53,Ethiopia,W
"Atkins, Derrick",185,88,Bahamas,M
"Atkinson, Amy",165,55,Guam,W
"Au, Hoi Shun Stephanie",171,60,Hong Kong,W
"Austin, James",188,100,Team GB,M
"Avdeeva, Anna",175,100,Russian Federation,W
"Awde, Daniel",182,82,Team GB,M
"Ayling, Louise",167,58,New Zealand,W
"Azuma, Yoshihiro",172,60,Japan,M
"Bachmann, Sebastian",182,71,Germany,M
"Back, Suyeon",173,61,South Korea,W
"Baddeley, Andrew",188,69,Team GB,M
"Badillo Diaz, Concepcion",171,62,Spain,W
"Baek, Il Joo",170,66,South Korea,W
"Baggaley, Andrew",180,71,Team GB,M
"Bahdanovich, Andrei",195,97,Belarus,M
"Baier, Maik",180,91,Germany,M
"Baillie, Tim",176,78,Team GB,M
"Baji, Balazs",192,83,Hungary,M
"Bakare, Oluwadamilola",197,93,Team GB,M
"Bakare, Peter",196,93,Team GB,M
"Baker, Yvette",170,55,Team GB,W
"Bale, Rob",174,69,Team GB,M
"Ball, Ashleigh",181,70,Team GB,W
"Balmy, Coralie",180,67,France,W
"Baltacha, Elena",175,70,Team GB,W
"Bankier, Imogen",167,65,Team GB,W
"Barbosa, Neide",178,78,Angola,W
"Bardis, Melanie",160,48,France,W
"Bardsley, Karen",181,69,Team GB,W
"Barlow, David",205,97,Australian Olympic Team,M
"Baroev, Khasan",188,120,Russian Federation,M
"Baroukh, Thomas",183,70,France,M
"Barroilhet, Gonzalo",193,94,Chile,M
"Barrow, Sarah",163,52,Team GB,W
"Bartlett, Laura",169,63,Team GB,W
"Bartley, Chris",178,73,Team GB,M
"Barzola, Miguel",172,54,Argentina,M
"BASHORE-SMEDLEY, Kayla",157,58,Team USA,W
"Bazayev, Assan",170,66,Kazakhstan,M
"Beattie, Lynne",182,65,Team GB,W
"Bechtolsheimer, Laura",169,56,Team GB,W
"Begu, Irina-Camelia",181,67,Romania,W
"Bekhit, Ahmed",171,62,Egypt,M
"Belkina, Olga",173,58,Russian Federation,W
"Bell, Katie",150,43,Team USA,W
"Bellamy, Craig",175,64,Team GB,M
"Benedetti, Nicola",198,88,Italy,M
"Bennett, Ryan",188,70,Team GB,M
"Benson, Craig",183,76,Team GB,M
"Bentley, Anna",180,70,Team GB,W
"Beresnyeva, Olga",174,72,Ukraine,W
"Berki, Krisztian",178,69,Hungary,M
"Bernard, Alain",196,90,France,M
"Bernardova, Sona",168,55,Czech Republic,W
"Bertelli, Maria",171,63,Team GB,W
"Bertrand, Ryan",180,73,Team GB,M
"Biagioli, Cecilia",165,52,Argentina,W
"Bindrich, Karsten",188,105,Germany,M
"Bingson, Amanda",165,91,Team USA,W
"Bithell, Stuart",186,80,Team GB,M
"Blagg, Alicia",167,60,Team GB,W
"Blanco, Cecilia",170,70,Spain,W
"Blas Jr, Ricardo",185,218,Guam,M
"Bleasdale, Holly",175,70,Team GB,W
"Bleasdale, Julia",167,46,Team GB,W
"Bledman, Keston",180,88,Trinidad and Tobago,M
"Bliznyuk, Anastasia",173,50,Russian Federation,W
"Boateng, Eric",211,114,Team GB,M
"Bohme, Marcus",211,115,Germany,M
"Bole, Grega",177,70,Slovenia,M
"Bolshakov, Sergey",190,90,Russian Federation,M
"Bolt, Usain",196,93,Jamaica,M
"BOND-WILLIAMS, Louise",169,59,Team GB,W
"Bonora, Georgia",161,51,Australian Olympic Team,W
"Boom, Lars",191,81,Netherlands,M
"Booth, Joshua",190,93,Australian Olympic Team,M
"Booth, Melanie",175,65,Canada,W
"BOS-DE KONING, BOS-de KONING Marcelien",175,62,Netherlands,W
"Bourke, Fiona",187,75,New Zealand,W
"Bouzaid, Alexandre",172,64,Senegal,M
"Boy, Philipp",172,65,Germany,M
"Boyle, Lauren",183,67,New Zealand,W
"Brabants, Tim",189,88,Team GB,M
"Bradley, Sophie",169,59,Team GB,W
"Bragg, Rachel",184,75,Team GB,W
"Braithwaite, Michael",189,91,Canada,M
"Brash, Scott",171,64,Team GB,M
"Brata, Daniel",185,100,Romania,M
"Brennan, Ashleigh",159,46,Australian Olympic Team,W
"Brickell, Richard",180,76,Team GB,M
"Broersen, Nadine",171,63,Netherlands,W
"Brooks, Lance",198,123,Team USA,M
"Brown, Adam",196,95,Team GB,M
"Brown, Rachel",168,66,Team GB,W
"Browne, Marcus",188,81,Team USA,M
"Brownlee, Alistair",185,70,Team GB,M
"Brownlee, Jonny",178,68,Team GB,M
"Bryant, Karina",184,103,Team GB,W
"Bryant, Kelci",163,61,Team USA,W
"Buchanan, Rushlee",170,63,New Zealand,W
"Buck, Richard",188,80,Team GB,M
"Buehler, Rachel",165,65,Team USA,W
"Buffet, Romain",192,90,France,M
"Bugg, Rachel",159,56,Australian Olympic Team,W
"Buhari, Abdul",192,125,Team GB,M
"Buikevich, Aliaksandr",191,75,Belarus,M
"Bulatovic, Andela",175,65,Montenegro,W
"Buric, Damir",205,115,Croatia,M
"Burke, Steven",183,74,Team GB,M
"Burnett, Simon",189,82,Team GB,M
"Burton, Euan",182,83,Team GB,M
"Busila, Andrei",191,92,Romania,M
"Butkevych, Olga",160,60,Team GB,W
"Butland, Jack",195,95,Team GB,M
"Butler, Kim",188,80,Team GB,W
"Byl, Lyn",172,67,Team GB,W
"Byun, Youngjun",175,58,South Korea,M
"Cadee, Erik",201,120,Netherlands,M
"Caianiello, Andrea",183,73,Italy,M
"Cairns, Imogen",156,59,Team GB,W
"Calderon, Jose",191,90,Spain,M
"Calle Williams, Maria Luisa",168,52,Colombia,W
"Campana, Giorgia",152,46,Italy,W
"Campazzo, Facundo",179,88,Argentina,M
"Campbell, Alan",191,96,Team GB,M
"Campbell, Luke",175,56,Team GB,M
"Carey, Michelle",169,57,Ireland,W
"Carney, Karen",163,55,Team GB,W
"Carry, David",184,75,Team GB,M
"Carter, Grace",183,78,Team GB,W
"Carvalho, Diogo",181,73,Portugal,M
"Casanova, Elisa",185,100,Italy,W
"Cassar, Georgina",170,61,Team GB,W
"CASSARA', Andrea",192,90,Italy,M
"Castel, Alexianne",180,76,France,W
"Castillo Suarez, Jocelyn",151,47,Venezuela,W
"Castro, Katerin",174,64,Colombia,W
"Castro, Sheilla",187,67,Brazil,W
"Castroviejo Nicolas, Jonathan",172,64,Spain,M
"Catlin, Nicholas",175,74,Team GB,M
"Caulker, Steven",191,76,Team GB,M
"Cavaleiro, Deonise",180,73,Brazil,W
"Cavendish, Mark",175,69,Team GB,M
"Cawthorn, Rachel",176,70,Team GB,W
"Cebrian Martinez De Lagos, CEBRIAN MARTINEZ de LAGOS Alicia",168,63,Spain,W
"Centrowitz, Matthew",175,60,Team USA,M
"Cerches, Natalia",170,55,Moldova,W
"Cerkovskis, Deniss",180,76,Latvia,M
"Cerra, Juan Ignacio",180,100,Argentina,M
"Cesan, Michelle",173,66,Team USA,W
"Chai, Biao",184,70,China,M
"Chambers, Peter",187,73,Team GB,M
"Chambers, Richard",183,74,Team GB,M
"Chammartin, Ludovic",168,60,Switzerland,M
"Charles, Peter",175,78,Team GB,M
"Chatterton, Renee",185,78,Australian Olympic Team,W
"Chen, Ding",180,62,China,M
"Chen, Weiwu",192,88,China,M
"Chen, Yibing",160,58,China,M
"Chen, Zuo",186,79,China,M
"Chevallier, Seba",193,88,Switzerland,M
"Cheverton, Samantha",160,48,Canada,W
"Child, Eilidh",171,59,Team GB,W
"Chinnawong, Chatuphum",164,77,Thailand,M
"Chintoan, Rares Daniel",189,120,Romania,M
"Chioveanu, Mihnea",198,115,Romania,M
"Choi, Ki Ho",173,59,Hong Kong,M
"Chondrokoukis, Dimitrios",195,65,Greece,M
"Cieslak, Marcin",193,85,Poland,M
"Clancy, Ed",186,77,Team GB,M
"Clark, Dan",210,109,Team GB,M
"Clark, Katie",168,52,Team GB,W
"Clark, Sarah",173,57,Team GB,W
"Clark, Saskia",176,68,Team GB,W
"Clarke, Jessica",163,55,Team GB,W
"Clarke, Jonathan",184,79,Team GB,M
"Clarke, Lawrence",187,78,Team GB,M
"Clayton, Francesca",170,69,Team GB,W
"Clement, Kerron",188,86,Team USA,M
"Cleverley, Tom",180,73,Team GB,M
"Cojuhari, Olesea",170,58,Moldova,W
"Collins, Stef",167,63,Team GB,W
"Conti, Giulia",172,62,Italy,W
"Conway, Sally",170,70,Team GB,W
"Cook, Kristina",175,71,Team GB,W
"Cooke, Nicole",167,58,Team GB,W
"Copeland, Katherine",171,57,Team GB,W
"Cork, Jack",185,69,Team GB,M
"Cortes, Francisco",181,80,Spain,M
"Cosby, Jessica",173,79,Team USA,W
"Cotton, Amy",180,78,Canada,W
"Cotuna, Vlad Bogdan",163,60,Romania,M
"Couch, Tonia",163,58,Team GB,W
"Coudray, Tiana",163,57,Team USA,W
"Cousins, Charles",198,100,Team GB,M
"Cox, Shana",172,65,Team GB,W
"Cox, Sophie",160,52,Team GB,W
"Cremer, Esther",170,55,Germany,W
"Crognale, Sabrina",170,58,Italy,W
"Crow, Kim",188,74,Australian Olympic Team,W
"Cruz, Clarisse",170,53,Portugal,W
"Csoknyai, Laszlo",172,81,Hungary,M
"Cullen, Crista",182,75,Team GB,W
"D Aniello, Francesco",170,82,Italy,M
"Da Silva, da SILVA Fabio",178,70,Brazil,M
"Dahlstrom, Malin",171,58,Sweden,W
"Dai, Xiaoxiang",178,70,China,M
"Daille, Etienne",177,65,France,M
"Dalakliev, Detelin",170,56,Bulgaria,M
"Dalby, Camilla",182,73,Denmark,W
"Daley, Tom",177,74,Team GB,M
"Daly, Matthew",188,82,Team GB,M
"Damons, Sulette",163,57,South Africa,W
"Dampney, Zara",178,65,Team GB,W
"Danson, Alex",171,56,Team GB,W
"Darnel, Neslihan",187,72,Turkey,W
"Dasaolu, James",186,87,Team GB,M
"Davenport, Ross",187,76,Team GB,M
"Davies, David",190,84,Team GB,M
"Davies, Georgia",175,60,Team GB,W
"Davis, James",193,100,Team GB,M
"Davison, Richard",177,76,Team GB,M
"Dawidowicz, Aleksandra",167,57,Poland,W
"Dawkins, Katie",175,67,Team GB,W
"Dawson, Craig",188,78,Team GB,M
"De Colo, de COLO Nando",195,89,France,M
"De Nicolo, de NICOLO Marco",180,85,Italy,M
"De Vecchi, de VECCHI Manuel",182,91,Italy,M
"De Vos, de VOS Charlotte",166,59,Belgium,W
"Deakes, Nathan",185,66,Australian Olympic Team,M
"Deeva, Daria",181,69,Russian Federation,W
"Degenkolb, John",180,79,Germany,M
"Degtyarev, Egor",202,96,Russian Federation,M
"Dekeyser, Jerome",183,81,Belgium,M
"Dempsey, Nick",180,70,Team GB,M
"Demus, Lashinda",170,60,Team USA,W
"Deng, Luol",203,104,Team GB,M
"Dennison, Kate",171,60,Team GB,W
"Densham, Erin",164,52,Australian Olympic Team,W
"Diamond, Emily",173,58,Team GB,W
"Diarra, Elea Mariama",175,60,France,W
"Diaz Jr, Joseph",168,56,Team USA,M
"Dickins, Arnie",170,60,Australian Olympic Team,M
"Dieke, Ifeoma",165,63,Team GB,W
"Dimitrov, Grigor",190,81,Bulgaria,M
"Dinart, Didier",197,104,France,M
"Diosdado Garcia, Nuria",169,53,Mexico,W
"DISNEY-MAY, James",192,78,Team GB,M
"Dita, Constantina",160,48,Romania,W
"Djerisilo, Ivana",185,72,Serbia,W
"Djokovic, Novak",188,82,Serbia,M
"Dmytrenko, Ruslan",180,67,Ukraine,M
"Dobriskey, Lisa",171,56,Team GB,W
"Doby, Mathieu",173,68,Belgium,M
"Dodig, Ivan",183,83,Croatia,M
"Doi, Manami",166,56,Japan,W
"Dolassem, Dieudonne",181,88,Cameroon,M
"Donckers, Karin",168,57,Belgium,W
"Drabenia, Hanna",153,46,Belarus,W
"Draeger, Marie-Louise",170,59,Germany,W
"Dragusin, Mihai",188,85,Romania,M
"Drakou, Theodora",169,67,Greece,W
"Draper, Warwick",186,79,Australian Olympic Team,M
"Drexel, Ingrid",173,62,Mexico,W
"Drinkhall, Paul",178,80,Team GB,M
"Driscoll, Kat",168,56,Team GB,W
"Duboscq, Hugues",191,87,France,M
"Dudas, Mihail",184,84,Serbia,M
"Duenas, Crispin",170,81,Canada,M
"Dujardin, Charlotte",170,61,Team GB,W
"Dunford, Jason",182,74,Kenya,M
"DUNKLEY-SMITH, Joshua",194,98,Australian Olympic Team,M
"Dunn, Debbie",170,63,Team USA,W
"Dvorak, Filip",190,89,Czech Republic,M
"Eastham, Casey",170,62,Australian Olympic Team,W
"Eaton, Ashton",185,82,Team USA,M
"Ebinuma, Masashi",170,66,Japan,M
"Echegoyen Dominguez, Tamara",174,72,Spain,W
"Eddie, Jess",178,75,Team GB,W
"Edelman, Nufar",168,69,Israel,W
"Edgar, Sebastien",182,76,Team GB,M
"Edmonds, Abigail",172,70,Team GB,W
"Edwards, Kelly",153,48,Team GB,W
"Edwards, Kenneth",188,84,Jamaica,M
"Efremov, Ivan",183,105,Uzbekistan,M
"Egelstaff, Susan",168,62,Team GB,W
"Egington, Richard",200,105,Team GB,M
"Ekimov, Leonid",180,83,Russian Federation,M
"El Sayed, Ihab Abdelrahman",194,96,Egypt,M
"Ellington, James",179,81,Team GB,M
"Elmont, Guillaume",175,81,Netherlands,M
"Eltrabily, Abdelrahman",190,120,Egypt,M
"Emane, Gevrise",160,63,France,W
"Emmolo, Giulia Enrica",171,66,Italy,W
"Engels, Floortje",172,70,Netherlands,W
"England, Hannah",177,54,Team GB,W
"Englmaier, Tobias",158,60,Germany,M
"Ennis, Jessica",165,57,Team GB,W
"Ente, Birgit",159,48,Netherlands,W
"Ericson, Lisa",165,58,Sweden,W
"Eskilsson, Christofer",173,62,Sweden,M
"Espeso, Maria Elena",161,48,Spain,W
"Espinoza Mena, Jose",173,75,Venezuela,M
"Espinoza, Maria del Rosario",173,70,Mexico,W
"Evans, Blair",175,65,Australian Olympic Team,W
"Evans, Fred",180,69,Team GB,M
"Evans, Gareth",169,68,Team GB,M
Fabiana,161,56,Brazil,W
"Fagbenle, Temi",193,79,Team GB,W
"Fagundez, Gabriella",170,60,Sweden,W
"Fair, James",185,79,Team GB,M
"Fairbrother, Kelsi",160,68,Team GB,W
"Falla Buchely, Emilio Andres",172,60,Ecuador,M
"Fang, Chieh Min",175,72,Chinese Taipei,M
"Fang, Yanqiao",173,69,China,W
"Farah, Mo",165,58,Team GB,M
"Faraldo, Francesco",168,66,Italy,M
"Farnik, Thomas",183,83,Austria,M
"Farquhar, Stuart",187,98,New Zealand,M
"Fasungova, Monika",163,55,Slovakia,W
"Fathi, Ahmed",174,76,Egypt,M
"Faulds, Richard",180,83,Team GB,M
"Faulkner, Ellie",165,55,Team GB,W
"Faulkner, Jade",162,50,Team GB,W
"Feck, Stephan",183,79,Germany,M
"Federici, Olivia",168,54,Team GB,W
"Fedorova, Olena",164,57,Ukraine,W
"Fernandez, Juan",174,73,Spain,M
"Feudjio, Raissa",163,60,Cameroon,W
"Figes, Craig",183,90,Team GB,M
"Fildebrandt, Christoph",193,78,Germany,M
"Fleming, Colin",188,78,Team GB,M
"Flognman, Kristina",178,65,Sweden,W
"Flood, Deborah",177,75,Team GB,W
"Florence, David",188,77,Team GB,M
"Flynn, Gemma",168,60,New Zealand,W
"Foad, James",185,90,Team GB,M
"Fogg, Daniel",179,74,Team GB,M
"FOKINA-SEMENOVA, Natalya",178,90,Ukraine,W
"Folkard, Naomi",169,67,Team GB,W
"Fontana, Marco Aurelio",172,68,Italy,M
"Fontes, Bruno",175,83,Brazil,M
"Foster, Tiffany",165,50,Canada,W
"FOX - PITT, William",198,76,Team GB,M
"Fox, Daniel",183,79,Team GB,M
"Fox, Francesca",167,58,Team GB,W
"Fredericks, Lucinda",180,62,Australian Olympic Team,W
"Freeland, Joel",211,111,Team GB,M
"Freitas, Patricia",172,58,Brazil,W
"Freixa, Santiago",181,85,Spain,M
"French, Nathan",191,86,Team GB,M
"Froome, Christopher",185,71,Team GB,M
"Fu, Haifeng",181,77,China,M
"Fudge, Kathryn",183,70,Team GB,W
"Fujimura, Tsutomu",174,66,Japan,M
"Fukumoto, Atsumi",169,57,Japan,W
"Fularczyk, Magdalena",173,72,Poland,W
"Fuzaro, Filipe",176,75,Brazil,M
"Fyrstenberg, Mariusz",190,79,Poland,M
"Gadisov, Abdusalam",178,84,Russian Federation,M
"Gafurzianova, Kamilla",174,64,Russian Federation,W
"Gallantree, Rebecca",166,60,Team GB,W
"Gallardo, Karen",175,95,Chile,W
"Gandy, Ellen",169,62,Team GB,W
"Gao, Song",190,81,China,W
"Garcia, Fernando Gabriel",190,85,Argentina,M
"GARCIA-THOMPSON, John",192,92,Team GB,M
"Garnham, Robin",194,94,Team GB,M
"Gavnholt, Kristina",177,69,Czech Republic,W
"Gayle, Robyn",168,65,Canada,W
"Gebremedhin, Yanet Seyoum",164,56,Ethiopia,W
"Geikie, Georgina",171,56,Team GB,W
"Gerbron, Marie",166,64,Team GB,W
"Gerrand, Tess",184,83,Australian Olympic Team,W
"Ghayaza, Mokhtar",205,106,Tunisia,M
"Gherman, Simona",170,55,Romania,W
"Gibbons, Craig",178,84,Team GB,M
"Gibbons, Gemma",173,70,Team GB,W
"Gibson Byrne, Ciara",167,59,Team GB,W
"Gibson, Lisa",177,75,Team GB,W
"Giggs, Ryan",180,75,Team GB,M
"Giglmayr, Andreas",177,62,Austria,M
"Gille, Bertrand",187,98,France,M
"Giraldo, Santiago",188,75,Colombia,M
"Gladding, Monique",162,57,Team GB,W
"Glavan, Igor",172,62,Ukraine,M
"Gleadle, Elizabeth",185,84,Canada,W
"Glover, Helen",178,70,Team GB,W
"Gnabouyou, Marie-Paule",185,79,France,W
"Goddard, James",183,82,Team GB,M
"Godfrey, Larry",178,84,Team GB,M
"Gohdes, Matthew",180,80,Australian Olympic Team,M
"Gojun, Jakov",204,110,Croatia,M
"Gomon, Yevgeniya",172,48,Ukraine,W
"Gong, Lei",185,88,China,M
"Gong, Lijiao",175,108,China,W
"Goodison, Paul",180,82,Team GB,M
"Goodwin, Britt",163,68,Team GB,W
"Goodwin, Marquise",178,82,Team USA,M
"Gordon, Winston",187,90,Team GB,M
"Gough, Westley",185,75,New Zealand,M
"Gougnard, Simon",187,82,Belgium,M
"Govers, Kieran",179,76,Australian Olympic Team,M
"Grabarz, Robert",191,80,Team GB,M
"Grainger, Katherine",183,80,Team GB,W
"Grandjean, Yoris",186,82,Belgium,M
"Grechin, Andrey",198,94,Russian Federation,M
"Green, Anna",167,62,New Zealand,W
"Green, Jack",194,80,Team GB,M
"Greene, Dai",185,78,Team GB,M
"Gregory, Alex",198,98,Team GB,M
"Greves, Katie",179,69,Team GB,W
"Grigorjeva, Anastasija",169,62,Latvia,W
"Groteluschen, Simon",194,84,Germany,M
"Grotowski, Steve",198,92,Team GB,M
"Grozer, Gyorgy",200,104,Germany,M
"Grubisic, Jelena",184,78,Croatia,W
"Guaman, Yadira",158,52,Ecuador,W
"Guenot, Christophe",178,74,France,M
"Guenot, Steeve",172,66,France,M
"Gueye, Idrissa",174,66,Senegal,M
"Guialo, Isabel",168,65,Angola,W
"Gulyas, Peter",200,102,Hungary,M
"Guyot, Sarah",176,68,France,W
"Gyurta, Gergely",174,68,Hungary,M
"Ha, Jeemin",187,80,South Korea,M
"Hacker, Marcel",196,97,Germany,M
"Hajeckova, Lenka",171,65,Czech Republic,W
"Haldane, Jason",203,106,Team GB,M
"Hall, Lucy",178,60,Team GB,W
"Hallisey, Claire",164,48,Team GB,W
"Halsall, Fran",172,59,Team GB,W
"Hammond, Jonathan",186,75,Team GB,M
"Hammouche, Salima",165,45,Algeria,W
"Handy, Chantelle",191,74,Team GB,W
"Hannah, Angela",174,70,Team GB,W
"Hansen, Mikkel",196,98,Denmark,M
"Hare, Martin",193,93,Team GB,M
"Hargreaves, Sarah",185,84,Team GB,W
"Harper, Marvin",173,71,South Africa,M
"Harradine, Benn",198,115,Australian Olympic Team,M
"Hassett, Betsy",157,55,New Zealand,W
"Hassounah, Samar",164,48,Egypt,W
"Hatakeyama, Airi",170,49,Japan,W
"Hatamkhanova, Oksana",161,51,Azerbaijan,W
"Hauffe, Gregor",190,93,Germany,M
"Hausler, Claudia",168,52,Germany,W
"Hawes, Ben",176,76,Team GB,M
"Hawkins, Mark",182,71,Team GB,M
"Hayakawa, Ren",179,65,Japan,W
"Hayes, Stuart",188,72,Team GB,M
"Haywood, Kate",178,68,Team GB,W
"Hazel, Louise",167,58,Team GB,W
"He, Chong",169,69,China,M
"He, Zhiwen",173,72,Spain,M
"Head, Maaike",172,60,Netherlands,W
"Heath, Liam",183,87,Team GB,M
"Hegerty, Francis",188,95,Australian Olympic Team,M
"Heglund, Nina",170,68,Team GB,W
"Hejnova, Zuzana",173,62,Czech Republic,W
"Helleberg, Jessica",174,65,Sweden,W
"Henderson, Greg",180,74,New Zealand,M
"Hennequin, Benjamin Didier",172,85,France,M
"Henriques, Nelson",168,67,Angola,M
"Hernandez Colina, Igor",189,87,Venezuela,M
"Herrera Allepuz, Pablo",193,85,Spain,M
"Hester, Carl",183,81,Team GB,M
"Heymans, Emilie",170,62,Canada,W
"Higl, Nada",173,67,Serbia,W
"Hill, Phelan",171,55,Team GB,M
"Hindes, Philip",177,83,Team GB,M
"Hitchon, Sophie",170,74,Team GB,W
"Hladikova, Aneta",171,62,Czech Republic,W
"Hochschorner, Peter",188,87,Slovakia,M
"Hogerwerf, Elisabeth",182,72,Netherlands,W
"Holland, Matt",194,96,Team GB,M
"Holland, Vicky",168,59,Team GB,W
"Holmes, Russell",203,93,Team USA,M
"Holtwick, Katrin",175,62,Germany,W
"Homklin, Teerawat",181,100,Thailand,M
"Honeybone, James",192,81,Team GB,M
"Hooker, Destinee",191,75,Team USA,W
"Hooper, Damien",180,80,Australian Olympic Team,M
"Horasan, Yasemin",186,92,Turkey,W
"Horton, Jonathan",157,59,Team USA,M
"Hosking, Sophie",165,57,Team GB,W
"Hosszu, Katinka",170,56,Hungary,W
"Hostetler, Cyrus",188,98,Team USA,M
"Houghton, Frances",193,81,Team GB,W
"Houghton, Stephanie",172,62,Team GB,W
"Hounslow, Richard",183,76,Team GB,M
"Houvenaghel, Wendy",176,60,Team GB,W
"Howard, Malcolm",200,100,Canada,M
"Howell, Gemma",165,59,Team GB,W
"Hoy, Sir Chris",185,93,Team GB,M
"Hradecka, Lucie",177,72,Czech Republic,W
"Hristov, Valentin",156,56,Azerbaijan,M
"Hsu, Chi-Chieh",177,72,Chinese Taipei,M
"Hu, Melek",165,53,Turkey,W
"Huang, Shanshan",158,47,China,W
"Huckle, James",168,60,Team GB,M
"Huizenga, Jenning",185,70,Netherlands,M
"Hunter, Daniel",183,83,Team GB,M
"Hunter, Mark",182,73,Team GB,M
"Hurd, Eric",165,63,Team USA,M
"Huseynli, Vatan",185,81,Azerbaijan,M
"Hutarovich, Yauheni",179,71,Belarus,M
"Hutchins, Ross",191,87,Team GB,M
"Hutchison, Lynne",173,60,Team GB,W
"Ibarguen, Caterine",180,70,Colombia,W
"Ibragimov, Rinat",181,73,Kazakhstan,M
"Idowu, Phillips",197,87,Team GB,M
"Idrisov, Mikhail",174,70,Russian Federation,M
"Imre, Geza",184,76,Hungary,M
"Innes, Laura",181,75,Team GB,W
"Inoue, Kaori",182,59,Japan,W
"Ip, Pui Yi",152,56,Hong Kong,W
"Isaac, Chloe",169,57,Canada,W
"Ishizu, Yu",170,66,Japan,M
"Ivancan, Irene",181,78,Germany,W
"Ivankova, Anastasiya",171,58,Belarus,W
"Ivanov, Martin",172,66,Bulgaria,M
"Ivashchenko, Elena",184,103,Russian Federation,W
"Izotov, Danila",193,82,Russian Federation,M
"Jackson, Ashley",155,71,Team GB,M
"Jackson, Emma",162,51,Australian Olympic Team,W
"Jackson, Joanne",185,76,Team GB,W
"Jackson, Johanna",170,55,Team GB,W
"Jamal, Maryam Yusuf",165,44,Bahrain,W
"James, Antony",180,75,Team GB,M
"James, Ciaran",193,93,Team GB,M
"James, Tom",193,93,Team GB,M
"Jamieson, Michael",186,81,Team GB,M
"JANICS-DOUCHEV, Natasa",174,67,Hungary,W
"Jargalsaikhan, Chuluunbat",184,116,Mongolia,M
"Jefferies, Richard",190,100,Team GB,M
"Jenkins, Helen",169,55,Team GB,W
"Jennerich, Lindsay",165,59,Canada,W
"Jensen, Anders",179,79,Denmark,M
"Jensen, Peter",177,70,Denmark,M
"Jeong, Darae",173,64,South Korea,W
"Jerzyk, Agnieszka",170,58,Poland,W
"Jeschke, Marta",164,58,Poland,W
"Jevtic, Olivera",174,51,Serbia,W
"Jezierski, Andrezey",172,78,Ireland,M
"Jim, Asenathi",176,65,South Africa,M
"Jimenez, Israel",174,67,Mexico,M
"Johansson, Elin",175,66,Sweden,W
"Johansson, Emma",167,58,Sweden,W
"Johansson, Jennie",185,72,Sweden,W
"Johnson, Adam",178,63,Team GB,M
"Johnson, Kyle",194,93,Team GB,M
"JOHNSON-THOMPSON, Katarina",183,68,Team GB,W
"Jonas, Natasha",172,60,Team GB,W
"Jones, Francesca",172,56,Team GB,W
"Jones, Jade",156,57,Team GB,W
"Joo, Saehyuk",180,67,South Korea,M
"Jorgensen, Gwen",178,59,Team USA,W
"Joshua, Anthony",198,106,Team GB,M
"Jukes, Louise",169,75,Team GB,W
"Jung, Jinhwa",182,74,South Korea,M
"Jurkowski, Kenneth",188,95,Team USA,M
"Kalmer, Rene",178,49,South Africa,W
"Karakasevic, Aleksandar",180,84,Serbia,M
"Karakus, Ayhan",165,55,Turkey,M
"Karakus, Nimet",168,64,Turkey,W
"Kartaltepe, Nilay",172,52,Turkey,W
"Kashirina, Tatiana",177,80,Russian Federation,W
"Kato, Ryohei",162,54,Japan,M
"Kaun, Sasha",211,114,Russian Federation,M
"Kavelasvili, David",180,94,Greece,M
"Kaynar, Alican",191,97,Turkey,M
"Kazakevics, Igors",176,76,Latvia,M
"Kennaugh, Peter",174,64,Team GB,M
"Kenny, Jason",177,80,Team GB,M
"Keothavong, Anne",174,63,Team GB,W
"Kershaw, Beckie",175,59,Team GB,W
"Kerwood, Charlotte",172,69,Team GB,W
"Khanafeyeva, Gulfiya",173,70,Russian Federation,W
"Khmyrova, Tatiana",173,68,Russian Federation,W
"Kidane, Werknesh",160,41,Ethiopia,W
"Kiefer, Lee",163,49,Team USA,W
"Killeen, Liam",173,65,Team GB,M
"Kim, Bokyung",178,73,South Korea,M
"Kim, Changsoo",177,70,South Korea,M
"Kim, Jiyeon",165,57,South Korea,W
"Kim, Myong Gum",163,58,North Korea,W
"Kim, Nam Hui",163,52,North Korea,W
"Kim, Seung Gyu",187,80,South Korea,M
"Kim, Sol Ji",168,57,South Korea,W
"Kim, Yeji",175,68,South Korea,W
"Kim, Yeon-Koung",192,73,South Korea,W
"Kim, Yoo Suk",191,84,South Korea,M
"Kim, Younggwon",187,74,South Korea,M
"Kim, Youngkwang",184,85,South Korea,M
"King, Dani",175,62,Team GB,W
"King, Dominic",178,70,Team GB,M
"King, Mary",170,65,Team GB,W
"King, Sean",193,91,Team GB,M
"Kingma, Nienke",182,74,Netherlands,W
"Kiraz, Ummu",162,48,Turkey,W
"Kirkbride, Peter",189,94,Team GB,M
"Kirkham, Brian",183,84,Australian Olympic Team,M
"Kirkham, Glenn",180,80,Team GB,M
"Kiss, Daniel",196,96,Hungary,M
"Klauss, Gauthier",171,65,France,M
"Kleinert, Nadine",190,94,Germany,W
"Klimke, Ingrid",172,59,Germany,W
"Kmetova, Ivana",175,63,Slovakia,W
"Knobbs, Jennifer",155,49,Team GB,W
"Knox, Bronwen",182,88,Australian Olympic Team,W
"Knyazyeva, Hanna",179,67,Ukraine,W
"Kogovsek, Andres",190,92,Argentina,M
"Kohlmann, Fabienne",170,58,Germany,W
"Kolocova, Kristyna",170,62,Czech Republic,W
"Kononenko, Nataliya",158,50,Ukraine,W
"Konukh, Sofya",173,61,Russian Federation,W
"Kopp, Pavol",183,74,Slovakia,M
"Korstin, Ilona",182,70,Russian Federation,W
"Kossayev, Yerkebulan",165,60,Kazakhstan,M
"Kouyate, Cheikhou",192,75,Senegal,M
"Kovacs, Tamas",179,62,Hungary,M
"Kovalenko, Nazar",178,70,Ukraine,M
"Kovalev, Nikolay",176,70,Russian Federation,M
"Krueger, Stephan",187,86,Germany,M
"Kruse, Richard",190,85,Team GB,M
"Kubokura, Satomi",161,52,Japan,W
"Kudzelich, Sviatlana",170,52,Belarus,W
"Kulhavy, Jaroslav",187,76,Czech Republic,M
"Kulkina, Anna",167,52,Kazakhstan,W
"Kvyatkovskyy, Andriy",173,71,Ukraine,M
"Kyiko, Maryna",162,52,Ukraine,W
"Kynard, Erik",193,86,Team USA,M
"Laanmae, Tanel",184,89,Estonia,M
"Lacroix, Audrey",163,53,Canada,W
"Lambert, Christophe",184,86,Germany,M
"Lambourne, Richard",191,100,Team USA,M
"LAM-MOORES, Holly",169,59,Team GB,W
"Lamont, Christopher",200,80,Team GB,M
"Lan, Xing",169,63,China,M
"Langehanenberg, Helen",164,48,Germany,W
"Langridge, Matthew",195,96,Team GB,M
"Larimer, Jeffrey",188,74,Team USA,M
"Larionov, Dmitry",185,76,Russian Federation,M
"Larson, Breeja",183,73,Team USA,W
"Larsson, Steven",195,95,Team GB,M
"Last, Annie",167,60,Team GB,W
"Laugher, Jack",166,65,Team GB,M
"Lawrence, Andrew",188,87,Team GB,M
"Lawrence, Corinna",168,63,Team GB,W
"Lawrence, Micah",183,66,Team USA,W
"Laybourne, Rachel",179,67,Team GB,W
"Lazuka, Yevgeniy",189,81,Azerbaijan,M
"Le, Chien-Ying",165,65,Chinese Taipei,W
"Leaf, Savanah",183,73,Team GB,W
"Lebherz, Yannick",194,85,Germany,M
"Leclair, Stephanie",172,54,Canada,W
"Lee, Tae Hoon",180,76,South Korea,M
"Leedham, Johannah",178,76,Team GB,W
"Leigh, Mike",179,73,Canada,M
"Leighton, Fran",182,72,Team GB,W
"LENNON-FORD, Luke",183,75,Team GB,M
"Lenzly, Mike",189,85,Team GB,M
"Lester, Justin Dashaun",170,73,Team USA,M
"Leumann, Katrin",174,54,Switzerland,W
"Leung, Chun Shek",179,75,Hong Kong,M
"Leung, Ho Tsun Andy",177,75,Hong Kong,M
"Leuthold, Yvonne",176,74,Team GB,W
"Levine, Nigel",178,68,Team GB,M
"Lewers, Iain",183,79,Team GB,M
"Lewis, Steven",191,84,Team GB,M
"LEWIS-FRANCIS, Mark",180,95,Team GB,M
"Li, Hongxia",168,60,China,W
"Li, Jianbo",174,60,China,M
"Li, Xiayan",199,98,China,M
"Lika, Savva",168,73,Greece,W
"Lina, Dace",162,53,Latvia,W
"Lindberg, Hans",188,88,Denmark,M
"Ling, Ed",178,76,Team GB,M
"Little, Kim",162,60,Team GB,W
"Liu, Hong",160,50,China,W
"Liu, Na",162,52,Team GB,W
"Liu, Qiang",178,60,China,M
"Liu, Zige",181,70,China,W
"Lloyd, Ieuan",193,83,Team GB,M
"Lloyd, Jess",178,80,Team GB,W
"Lofgren, Esther",188,79,Team USA,W
"Lopez, Steven",191,83,Team USA,M
"Losert, Venio",191,92,Croatia,M
"Loughran, Marco",186,75,Team GB,M
"Louloudis, Constantine",190,94,Team GB,M
"Louw, Gideon",194,93,South Africa,M
"Lovassy, Krisztian",180,71,Hungary,M
"Lowe, Jemma",171,58,Team GB,W
"Lu, Ying",175,62,China,W
"Lucas, Bill",199,100,Team GB,M
"Lucas, Dakota",170,68,New Zealand,M
"Lucass, Vicki",170,63,Team GB,W
"Luckwell, Mervyn",191,104,Team GB,M
"Luini, Elia",183,72,Italy,M
"Lukashyk, Kanstantsin",176,75,Belarus,M
"Lunkuse, Jamila",153,60,Uganda,W
"Luo, Yutong",165,62,China,M
"Lush, Annie",178,77,Team GB,W
"Ma, Jin",165,61,China,W
"Macek, Bostjan",174,118,Slovenia,M
"Macgregor, Kate",158,60,Team GB,W
"Macgregor, Lucy",158,63,Team GB,W
"Mackay, Iain",180,75,Team GB,M
"Macleod, Hannah",172,67,Team GB,W
"Madaj, Natalia",175,70,Poland,W
"Maestri, Riccardo",176,72,Italy,M
"Magnussen, James",195,90,Australian Olympic Team,M
"Maguire, Emily",169,61,Team GB,W
"Maguire, Lindsey",187,76,Team GB,W
"Maher, Ben",187,68,Team GB,M
"Majewski, Tomasz",204,142,Poland,M
"Makarenko, Alina",172,48,Russian Federation,W
"Makhneu, Vadzim",196,100,Belarus,M
"Maksimovic, Ivana",160,50,Serbia,W
"Malcolm, Christian",178,71,Team GB,M
"Mandic, Milica",180,72,Serbia,W
"Mankoc, Peter",192,88,Slovenia,M
"Mansilla, Luis",175,68,Chile,M
"Mantell, Richard",189,92,Team GB,M
"Maoua, Atef",200,100,Tunisia,M
"Marachkouskaya, Nastassia",167,60,Belarus,W
"Marco, Luis Alberto",184,70,Spain,M
"Mareghni, Hana",173,67,Tunisia,W
"Marescia, Marsha",165,56,South Africa,W
"Marshall, Savannah",181,75,Team GB,W
"Martikan, Michal",170,71,Slovakia,M
"Martin, Boyd",185,68,Team USA,M
"Martin, Harry",182,77,Team GB,M
"Martin, Lucy",169,57,Team GB,W
"Martina, Churandy",178,74,Netherlands,M
"Marton, Anita",172,90,Hungary,W
"Marton, Carmen",172,67,Australian Olympic Team,W
"Mata Perez, Andres Eduardo",174,77,Spain,M
"Mathewson, Courtney",170,71,Team USA,W
"Matienko, Anna",182,68,Russian Federation,W
"Matoshka, Alena",177,80,Belarus,W
"Mayes, Jane",173,88,Team GB,W
"Mayr, Camilo",178,74,Germany,M
"Mccabe, McCABE Conlin",205,100,Canada,M
"Mccafferty, McCAFFERTY Lynn",168,64,Team GB,W
"Mccann, McCANN Fiona",172,70,Team GB,W
"Mccarthy, McCARTHY Alex",193,88,Team GB,M
"Mcclatchey, McCLATCHEY Caitlin",170,57,Team GB,W
"Mccolgan, McCOLGAN Eilish",154,53,Team GB,W
"Mcconnell, McCONNELL Lee",177,64,Team GB,W
"Mccormick, McCORMICK Nick",188,70,Team GB,M
"Mccormick, McCORMICK Riley",172,66,Canada,M
"Mcdermott, McDERMOTT Christopher",204,105,Team GB,M
"Mcevoy, McEVOY Cameron",185,85,Australian Olympic Team,M
"Mcgivern, McGIVERN Mark",195,87,Team GB,M
"Mcintosh, Jennifer",175,71,Team GB,W
"Mckeever, Ed",173,79,Team GB,M
"Mckenzie, Ashley",162,60,Team GB,M
"Mcmillan, McMILLAN Daniel",189,93,Team GB,M
"Mears, Chris",172,70,Team GB,M
"Mehari, Rehaset",165,51,Eritrea,W
"Mejri, Aymen",180,72,Tunisia,M
"Melancon, Joliane",170,57,Canada,W
"Melian, Alberto Ezequiel",170,56,Argentina,M
"Melnychenko, Hanna",178,67,Ukraine,W
"Meloni, Roberto",180,90,Italy,M
"Melzer, Jurgen",184,80,Austria,M
"MENSAH-BONSU, Pops",206,111,Team GB,M
"Mercedes Reyes, Yulis",163,58,Dominican Republic,M
"Merrien, Lee",182,61,Team GB,M
"Miao, Lijie",178,75,China,W
"Michaud, Sebastien",185,78,Canada,M
"Michel, Ciara",194,70,Team GB,W
"Michshuk, Angelina",155,54,Kazakhstan,W
"Middleton, Barry",178,68,Team GB,M
"Mier, Hiram",179,70,Mexico,M
"Migitinov, Soltan",175,75,Azerbaijan,M
"Miley, Hannah",166,53,Team GB,W
"Millar, David",191,78,Team GB,M
"Millar, Ian",185,76,Canada,M
"Miller, Joel",191,86,Team GB,M
"Miller, Shaunae",185,69,Bahamas,W
"Mills, Hannah",157,50,Team GB,W
"Minczer, Albert",179,63,Hungary,M
"Mingir, Gulcan",165,53,Turkey,W
"Miranda Dorado, Lorena",174,73,Spain,W
"Miskovic, Marijana",166,63,Croatia,W
"Mitchell, Ethan",180,81,New Zealand,M
"Mitchell, Manteo",185,79,Team USA,M
"Miyake, Hiromi",146,48,Japan,W
"Mogushkov, Musa",170,66,Russian Federation,M
"Mohamed, Aida",162,56,Hungary,W
"Mohd Taibi, Nur Suryani",168,65,Malaysia,W
"Mohr, Christopher",187,83,Team GB,M
"Mohsen, Marwan",187,82,Egypt,M
"Monaco, Juan",185,77,Argentina,M
"Montemayor, Ricardo",190,80,Mexico,M
"Montero, Victoria",166,64,Mexico,W
"Moodaly, Robyn",162,52,South Africa,W
"Moore, Graeme",198,98,South Africa,M
"Moore, Robert",183,81,Team GB,M
"Moreau, Fabrice",179,69,France,M
"Moreira, Antonia",170,68,Angola,W
"Morgan, Christopher",191,85,Australian Olympic Team,M
"Morgan, Joanne",170,60,Team GB,W
"Morganella, Michel",182,77,Switzerland,M
"Morioka, Koichiro",184,66,Japan,M
"Morosanu, Angela",181,62,Romania,W
"Morozov, Artem",195,104,Ukraine,M
"Morris, Rosie",180,69,Team GB,W
"Morrison, Steve",178,77,Team GB,M
"Morse, Brett",190,110,Team GB,M
"Mortensen, Karin",181,75,Denmark,W
"Mosina, Veronika",172,57,Russian Federation,W
"Mostafa, Anas",182,74,Egypt,M
"Moura, Mayara",170,66,Brazil,W
"Muda, Tycho",183,70,Netherlands,M
"MUELLER-WIELAND, Janne",175,66,Germany,W
"Muff, Werner",182,76,Switzerland,M
"Muhammad, Lulato",188,80,Team GB,M
"Muller, Lena",173,59,Germany,W
"Mullin, Shauna",178,74,Team GB,W
"Munro, Hope",160,57,Australian Olympic Team,W
"Murdoch, Andrew",183,82,New Zealand,M
"Murillo, Osman",176,73,Costa Rica,M
"Murphy, Grainne",171,71,Ireland,W
"Murray, Andy",188,84,Team GB,M
"Murray, Jamie",190,82,Team GB,M
"Murray, Janine",169,54,Australian Olympic Team,W
"Murray, Samantha",174,59,Team GB,W
"Musgrove, Hazel",170,65,Team GB,W
"Mutekanga, Julius",176,76,Uganda,M
"Muzaffer, Bahram",187,81,Turkey,M
"Myers, Tim",185,81,New Zealand,M
"Myerscough, Carl",208,160,Team GB,M
"Nabarrete Zanetti, Arthur",156,62,Brazil,M
"Nalbandian, David",180,79,Argentina,M
"Narcisse, Daniel",189,93,France,M
"Nash, George",195,97,Team GB,M
"Nasri, Noura",165,68,Tunisia,W
"Naylor, Emily",167,55,New Zealand,W
"Nchout, Ajara",164,65,Cameroon,W
"Neave, Lizzie",171,63,Team GB,W
"Neethling, Candice",170,60,South Africa,W
"Newlin, Brett",206,102,Team USA,M
"Ng, Yan Yee",155,55,Malaysia,W
"Nicholls, Robyn",178,65,Team GB,W
"NI-DANIELSSON, Xia Lian",157,57,Luxembourg,W
"Nielsen, Matt",209,98,Australian Olympic Team,M
"Nikolov, Nikolay",206,93,Bulgaria,M
"Nilsson, Andreas",197,102,Sweden,M
"Nitta, Yudai",173,77,Japan,M
"NOCETI-KLEPACKA, Zofia",170,59,Poland,W
"Nofel, Mohamed",180,71,Egypt,M
"Nordlow, Josefin",171,65,Sweden,W
"Nunes, Miguel",180,72,Portugal,M
"Nyblom, Haakan Erik",160,55,Denmark,M
"Nyhaug, Tory",185,90,Canada,M
"O, Chang Ran",172,66,North Korea,W
"O`REGAN, Joseph",203,105,Team GB,M
"Oates, Colin",181,66,Team GB,M
"Oblinger, Helmut",180,70,Austria,M
"Ochal, Glenn",193,93,Team USA,M
"O'CONNOR, Caroline",157,48,Team GB,W
"Oconnor, Siobhan-Marie",173,60,Team GB,W
"Odriozola, Mikel",178,67,Spain,M
"Offereins, Ben",184,76,Australian Olympic Team,M
"Ogar, Jolanta",178,70,Poland,W
"Ogogo, Anthony",181,75,Team GB,M
"Oh, Sang Eun",186,72,South Korea,M
"Ohuruogu, Christine",158,68,Team GB,W
"O'KEEFFE, Michael",183,78,New Zealand,M
"Okoro, Marilyn",167,60,Team GB,W
"Okoye, Lawrence",197,129,Team GB,M
"Olaru, Dan",175,70,Moldova,M
"Oldham, Sam",168,62,Team GB,M
"Oliver, Amy",173,62,Team GB,W
"Oliver, Jack",168,77,Team GB,M
"Om, Yun Chol",152,56,North Korea,M
"O'MALLEY, Kieran",188,82,Team GB,M
"Omarov, Magomed",195,93,Russian Federation,M
"Omelchuk, Oleh",170,75,Ukraine,M
"Ong, Mylene",169,55,Singapore,W
"Onuora, Anyika",178,72,Team GB,W
"Oquendo Zabala, Carlos Mario",175,81,Colombia,M
"Orujov, Rustam",179,73,Azerbaijan,M
"Osagie, Andrew",189,72,Team GB,M
"Ota, Kazuomi",183,145,Japan,M
"Ouechtati, Bilel",172,74,Tunisia,M
"Ouseph, Rajiv",189,82,Team GB,M
"Overall, Scott",181,62,Team GB,M
"Owens, Ger",175,61,Ireland,M
"Oyepitan, Abiodun",165,57,Team GB,W
"Pacierpnik, Natalia",169,58,Poland,W
"Padar, Martin",194,140,Estonia,M
"Page, Julie",188,85,Team GB,W
"Page, Natasha",178,75,Team GB,W
"Pahapill, Mikk",197,95,Estonia,M
"Palameika, Madara",183,76,Latvia,W
"Paldanius, Sofia",180,74,Sweden,W
"Palies, Ewa",173,73,Team GB,W
"Pang, Wei",179,80,China,M
"Panichpatikum, Jakkrit",170,64,Thailand,M
"Pannecoucke, Laurens",182,82,Belgium,M
"Panter, Anne",170,62,Team GB,W
"Paonessa, Mario",193,95,Italy,M
"Papachristos, Stergios",190,88,Greece,M
"Pareja Lisalde, Jennifer",174,63,Spain,W
"Pareto, Paula",150,48,Argentina,W
"Parisi, Hugo",173,68,Brazil,M
"Park, Chanyoung",190,85,South Korea,M
"Park, Jiho",165,59,South Korea,M
"Park, Keon Woo",173,65,South Korea,M
"Parker, Barbara",171,52,Team GB,W
"Parker, Jason",175,77,Team USA,M
"Parker, Jesper",200,100,Team GB,M
"Parker, Joanna",178,63,Team GB,W
"Parker, Rob",200,100,Team GB,M
"Parra, Yusbelys",170,65,Venezuela,W
"Parsonage, Alex",180,87,Team GB,M
"Partridge, Alex",193,93,Team GB,M
"Paszek, Tamira",165,62,Austria,W
"Pateniotis, Mike",180,76,Greece,M
"PATERSON-ROBINSON, James",170,65,Australian Olympic Team,M
"Patience, Luke",167,59,Team GB,M
"Paul, Chris",183,86,Team USA,M
"Pautaran, Maryna",178,68,Belarus,W
"Pavey, Joanne",162,49,Team GB,W
"Pavoni, Roberto",176,71,Team GB,M
"Pawlowski, Lukasz",183,70,Poland,M
"Payne, Keri-Anne",175,66,Team GB,W
"Pearce, John",190,88,Team GB,M
"Pedersen, Christinna",178,71,Denmark,W
"Pendleton, Victoria",165,60,Team GB,W
"Pennes, Gregoire",179,68,France,M
"Peralta Jara, Yamil",189,91,Argentina,M
"Peralta, Maria",167,49,Argentina,W
"Percy, Iain",187,95,Team GB,M
"Perdue, Natasha",161,70,Team GB,W
"Perez Vertti Ferrer, Arturo",194,80,Mexico,M
"Persse, Lee-Ann",181,74,South Africa,W
"Persson, Jorgen",186,79,Sweden,M
"Petrova, Nadia",178,65,Russian Federation,W
"Phillips, Liam",178,83,Team GB,M
"Phillips, Zara",168,64,Team GB,W
"Pieterse, Erasmus",189,85,South Africa,M
"Pina, Joao",177,73,Portugal,M
"Pinches, Jennifer",160,55,Team GB,W
"Pink, Andrew",193,85,Team GB,M
"Pinner, George",193,93,Team GB,M
"Pinto, Adriana",168,62,Brazil,W
"Pinto, Tatjana",170,55,Germany,W
"Pinzon Garcia, Omar",186,85,Colombia,M
"Pipes, Ben",204,90,Team GB,M
"Pirghie, Cristi-Ilie",202,108,Romania,M
"Piron, Beatriz",150,48,Dominican Republic,W
"Pironkova, Tsvetana",180,66,Bulgaria,W
"Pitchford, Liam",183,57,Team GB,M
"Platnitski, Dzmitry",190,84,Belarus,M
"Pliev, Khetag",182,96,Canada,M
"Plotyczer, Mark",195,86,Team GB,M
"Podhrasky, Martin",192,85,Czech Republic,M
"Poewe, Sarah",175,71,Germany,W
"Pollack, Golan",175,66,Israel,M
"Pong, Son Hwa",166,57,North Korea,W
"Ponomarenko Janic, Spela",169,65,Slovenia,W
"Pooley, Emma",157,48,Team GB,W
"Porter, Tiffany",175,68,Team GB,W
"Post, Alise",157,58,Team USA,W
"Potent, Warren",177,73,Australian Olympic Team,M
"Pouli, Louisa",162,57,Team GB,W
"Povazsay, Eszter",183,74,Hungary,W
"Powell, Stacie",167,61,Team GB,W
"Pozzi, Andrew",190,78,Team GB,M
"Prieto, Sebastian",187,80,Team GB,M
"Pritchard, Alexis",178,59,New Zealand,W
"Proctor, Shara",165,60,Team GB,W
"Prokopenko, Anastasiya",163,59,Belarus,W
"Proud, Stephanie",169,65,Team GB,W
"Prystupa, Daryna",163,56,Ukraine,W
"Purchase, Zac",186,72,Team GB,M
"Purvis, Daniel",168,62,Team GB,M
"Pusterla, Irene",176,64,Switzerland,W
"Pysmenska, Anna",157,50,Ukraine,W
"Qieyang, Shenjie",160,50,China,W
"Rada Rodriguez, Sergio Armando",162,56,Colombia,M
"Radcliffe, Paula",173,54,Team GB,W
"Radicevic, Jovanka",170,65,Montenegro,W
"Radovic, Ana",175,65,Montenegro,W
"Rafferty, Claire",164,58,Team GB,W
"Rahali, Maroua",168,51,Tunisia,W
"Rahautsou, Stsiapan",174,58,Belarus,M
"Ram, Andy",180,83,Israel,M
"Ramirez, Candido",169,68,Mexico,M
"Ramsey, Aaron",178,70,Team GB,M
"Randall, Allison",178,86,Jamaica,W
"Randall, Asha",178,52,Team GB,W
"Randall, Jenna",173,55,Team GB,W
"Ransley, Tom",198,100,Team GB,M
"Rasic, Milena",193,75,Serbia,W
"Reade, Shanaze",170,76,Team GB,W
"Reau, Delphine",171,72,France,W
"Reed, Peter",197,100,Team GB,M
"Reeve, Louisa",184,73,Team GB,W
"Reid, Elizabeth",173,60,Team GB,W
"Reif, Christian",196,85,Germany,M
"Reinking, Nate",189,88,Team GB,M
"Renwick, Robbie",185,80,Team GB,M
"Reyes, Felipe",205,107,Spain,M
"Rhodes, Ben",183,72,Team GB,M
"Rhodes, Jordan",185,83,Team GB,M
"Ri, Myong Sun",163,54,North Korea,W
"Richards, Micah",180,82,Team GB,M
"Richardson, Helen",165,54,Team GB,W
"Rigaudo, Elisa",168,55,Italy,W
"Rimmer, Michael",185,67,Team GB,M
"Rindom, Anne-Marie",170,68,Denmark,W
"Riparelli, Jacques",183,81,Italy,M
"Rivas Espinoza, Wuileixis de Jesus",165,60,Venezuela,M
"Robinson, Glen",188,90,Team GB,M
"ROBINSON-BAKER, Nick",172,74,Team GB,M
"Robson, Laura",180,62,Team GB,W
"Rochus, Olivier",166,63,Belgium,M
"Rock, Michael",180,78,Team GB,M
"Rodford, Beth",178,77,Team GB,W
"Rodrigues, Ana Paula",172,64,Brazil,W
"Rodriguez, Alvaro",179,68,Spain,M
"Rodriguez, Jackson",168,60,Venezuela,M
"Rodriguez, Jose",185,80,Mexico,M
"Roebuck, Joe",188,80,Team GB,M
"Rogers, Chloe",161,57,Team GB,W
"Rojas Mina, Anderson",180,64,Ecuador,M
"Romanyuta, Evgeniya",166,60,Russian Federation,W
"Romeu, Oriol",183,89,Spain,M
"Rondon Martinez, Cindy Carolina",186,61,Dominican Republic,W
"Rooney, Martyn",198,81,Team GB,M
"Rose, Danny",170,73,Team GB,M
"Rosolova, Denisa",175,68,Czech Republic,W
"Rosolska, Alicja",166,53,Poland,W
"Rosowsky, Husayn",183,76,Team GB,M
"Ross, Jane",167,57,Team GB,W
"Rouba, Amina",173,59,Algeria,W
"Roux, Jessica",168,62,South Africa,W
"Rowbotham, Stephen",193,93,Team GB,M
"Rowsell, Joanna",180,64,Team GB,W
"Ruday, Mikhail",193,95,Kazakhstan,M
"Ruiz, Diego",178,64,Spain,M
"Russell, Colin",192,90,Canada,M
"Rutherford, Greg",188,87,Team GB,M
"Rutlidge, Alex",170,62,Team GB,W
"Rutter, Adam",173,60,Australian Olympic Team,M
"Ryabtsev, Vladislav",194,97,Russian Federation,M
"Ryder, Sean",188,94,Team GB,M
"Saad, eldin",168,82,Egypt,M
"Sakaev, Viacheslav",178,65,Russian Federation,M
"Sakai, Hiroki",183,70,Japan,M
"Sanchez Gil, Luis Leon",186,73,Spain,M
"Sanchez Moccia, Rocio",157,54,Argentina,W
"Sandell, Janine",177,82,Team GB,W
"Sanders, Nicola",171,58,Team GB,W
"Sarmiento Melian, Daniel",188,87,Spain,M
"Satch, Will",194,94,Team GB,M
"Satchwell, Nicholas",187,78,Team GB,M
"Sato, Kenki",163,63,Japan,M
"Sawers, Louisa",176,69,Team GB,W
"Sayers, Goldie",171,70,Team GB,W
"Sayidov, Ramziddin",180,100,Uzbekistan,M
"Sbihi, Mohamed",203,103,Team GB,M
"Schenkel, Reto",183,89,Switzerland,M
"Scheuber, Patrick",182,75,Switzerland,M
"Schleck, Frank",186,69,Luxembourg,M
"Schneider, Thomas",185,83,Germany,M
"Schodowski, Zbigniew",202,95,Poland,M
"Schofield, Jon",182,80,Team GB,M
"Scholefield, Adam",189,99,Team GB,M
"Schurr Voight, Christian",173,80,Mexico,M
"Schwank, Eduardo",183,83,Argentina,M
"Scott, Alex",163,59,Team GB,W
"Scott, Ed",197,85,Team GB,M
"Scott, Jill",181,64,Team GB,W
"Searle, Greg",197,97,Team GB,M
"Seibt, Bastian",187,71,Germany,M
"Selby, Andrew",169,52,Team GB,M
"Semmler, Ilka",183,70,Germany,W
"Sener, Yakup",170,64,Turkey,M
"Seok, Hajung",172,59,South Korea,W
"Seric, Andrea",184,82,Croatia,W
"Serseri, Sophia",154,45,France,W
"Seymour, Natalie",168,56,Team GB,W
"SHAKES-DRAYTON, Perri",172,66,Team GB,W
"Shanaeva, Aida",178,68,Russian Federation,W
"Shankland, Leith",196,90,South Africa,M
"Sharp, Lynsey",175,60,Team GB,W
"Shaw, Bryony",167,60,Team GB,W
"Shemyakina, Yana",167,58,Ukraine,W
"Sheppard, Natalia",165,52,Team GB,W
"Sherrington, Christopher",194,135,Team GB,M
"Shi, Dongpeng",192,85,China,M
"Shibaev, Alexander",194,77,Russian Federation,M
"Shimamoto, Mami",165,103,Japan,W
"Shimizu, Satoshi",179,56,Japan,M
"Shin, Jonghun",168,49,South Korea,M
"Shkermankova, Maryna",161,69,Belarus,W
"Shu, Junrong",177,75,China,M
"Shulika, Lyubov",166,65,Ukraine,W
"Shurshin, Nikita",191,95,Russian Federation,M
"Sibello, Gianfranco",188,84,Italy,M
"Sibley, Kelly",172,68,Team GB,W
"Sichenikova, Lidiia",183,68,Ukraine,W
"Siegrist, Benjamin",194,85,Switzerland,M
"Signate, Mariama",189,84,France,W
"Sikora, Rafal",177,73,Poland,M
"Silva, Erlon",176,75,Brazil,M
"Simanovich, Dzianis",178,63,Belarus,M
"Simic, Mateja",169,58,Slovenia,W
"Simmonds, Lizzie",171,60,Team GB,W
"Simpson, Andrew",185,103,Team GB,M
"Sinclair, Christine",175,67,Canada,W
"Sinclair, Scott",177,69,Team GB,M
"Sireau, Kevin",188,90,France,M
"Skelton, Katie",160,52,Team GB,W
"Skelton, Nick",175,77,Team GB,M
"Skov, Rikke",181,73,Denmark,W
"Skrzypulec, Agnieszka",166,56,Poland,W
"Skvortsov, Nikolay",180,78,Russian Federation,M
"Sliskovic, Iva",193,82,Croatia,W
"Slobodenyuk, Vadym",187,77,Ukraine,M
"Sluis, Nanne",193,88,Netherlands,M
"Smith, Alexander",183,115,Team GB,M
"Smith, Amy",172,59,Team GB,W
"Smith, Kelly",156,58,Team GB,W
"Smith, Louis",179,76,Team GB,M
"Smith, Maurice",175,67,Jamaica,M
"Smith, Rachel",172,64,Team GB,W
"Smith, Richard",189,93,Team GB,M
"Smith, Zoe",159,60,Team GB,W
"Snell, Francesca",175,63,Team GB,W
"Snyders, Glenn",179,81,New Zealand,M
"Sokolov, Alexander",192,87,Russian Federation,M
"Solesbury, Tom",199,97,Team GB,M
"Solomon, Jarrin",165,73,Trinidad and Tobago,M
"Sommer, Lene",170,66,Denmark,W
"Sordell, Marvin",179,83,Team GB,M
"Soriano, Yon",170,68,Dominican Republic,M
"Soro, Slobodan",198,98,Serbia,M
"Soumah, Ndeye Fatou",175,60,Senegal,W
"Sozonov, Ivan",180,80,Russian Federation,M
"Spence, Mhairi",171,71,Team GB,W
"Spencer, Mary",180,73,Canada,W
"Spisak, Pawel",176,68,Poland,M
"Spofforth, Gemma",183,85,Team GB,W
"Stafford, Natalie",176,66,Team GB,W
"Stalker, Tom",181,64,Team GB,M
"Stamper, Martin",180,68,Team GB,M
"Stannard, Ian",190,80,Team GB,M
"Stanning, Heather",181,74,Team GB,W
"Starling, Hannah",158,59,Team GB,W
"Steele, Jason",190,87,Team GB,M
"Steryiou, Adonia",180,59,Greece,W
"Stevenson, Sarah",178,67,Team GB,W
"Stewart, Azania",194,89,Team GB,W
"Stewart, Chelsea",165,54,Canada,W
"Steyaert, Sarah",176,69,France,W
"Stokes, Stuart",181,65,Team GB,M
"Stoney, Casey",173,64,Team GB,W
"Storey, John",186,85,New Zealand,M
"Storry, Beth",173,74,Team GB,W
"Stott, Etienne",182,83,Team GB,M
"Sturridge, Daniel",188,76,Team GB,M
"Subschinski, Nora",159,57,Germany,W
"Suligoy, Alex Misael",180,90,Argentina,M
"Sullivan, Drew",202,98,Team GB,M
"Sum, Eunice Jepkoech",159,53,Kenya,W
"Sun, Jie",182,69,China,M
"Sun, Yujun",168,65,China,W
"Sung, Ji Hyun",175,56,South Korea,W
"Susi, Dunia",169,61,Team GB,W
"Svarc, Premysl",177,66,Czech Republic,M
"Svennerstal, Ludvig",186,69,Sweden,M
"Szczepanski, Piotr",180,76,Poland,M
"Sziranyi Somogyi, Balazs",196,108,Spain,M
"Tadd, Stacey",181,74,Team GB,W
"Takano, Aya",164,54,Japan,W
"Talbot, Daniel",184,69,Team GB,M
"Tallent, Claire",163,50,Australian Olympic Team,W
"Tan, Lianne",160,57,Belgium,W
"Tancock, Liam",183,85,Team GB,M
"Tanrikulu, Bahri",183,85,Turkey,M
"Tansai, Napalai",174,61,Thailand,W
"Taouerghi, Anouer",178,77,Tunisia,M
"Taurasi, Diana",183,70,Team USA,W
"Tavares, Maria Leonor",165,55,Portugal,W
"Taylor, Jennifer",178,71,Team GB,W
"Taylor, Josh",176,60,Team GB,M
"Taylor, Neil",175,65,Team GB,M
"Tchorz, Alicja",177,67,Poland,W
"Tennant, Andrew",192,79,Team GB,M
"Tenorio Silva, Rosa",163,69,Ecuador,W
"Teramoto, Asuka",136,30,Japan,W
"Terry, Simon",180,100,Team GB,M
"Thibus, Ysaora",174,56,France,W
"Thiele, Annekatrin",173,68,Germany,W
"Thomas, Geraint",183,71,Team GB,M
"Thomas, Kristian",180,79,Team GB,M
"Thomas, Sarah",163,59,Team GB,W
"Thompson, Christopher",178,67,Team GB,M
"Thornley, Victoria",193,76,Team GB,W
"Timmers, Pieter",200,89,Belgium,M
"Tindall, James",175,84,Team GB,M
"Tirode, Stephanie",165,80,France,W
"Tobin, Robert",187,79,Team GB,M
"Tomas Gonzalez, Victor",177,83,Spain,M
"Tomkins, James",192,74,Team GB,M
"Tomlinson, Chris",197,84,Team GB,M
"Toumarkin, Yakov",192,87,Israel,M
"Townsend, Sam",199,100,Team GB,M
"Trana, Gabriela",164,50,Costa Rica,W
"Tranter, Daniel",193,80,Australian Olympic Team,M
"Trentin, Matteo",179,74,Italy,M
"Triggs Hodge, Andrew",192,100,Team GB,M
"Troiano, Sophie",174,64,Team GB,W
"Trott, Laura",163,52,Team GB,W
"Tsakonas, Likourgos-Stefanos",185,72,Greece,M
"Tschomakova, Margarita",168,55,Bulgaria,W
"Tsurumi, Koko",141,34,Japan,W
"Tu, Kai-Wen",169,66,Chinese Taipei,M
"Tunney, Rebecca",149,35,Team GB,W
"Turiaf, Ronny",207,109,France,M
"Turner, Andy",183,78,Team GB,M
"Turner, Grant",193,86,Team GB,M
"Turner, Rebecca",153,68,Team GB,W
"Tvrdy, Maja",170,59,Slovenia,W
"Tweddle, Beth",160,53,Team GB,W
"Twigg, Georgie",170,65,Team GB,W
"Twomey, Billy",172,75,Ireland,M
"Tyler, Jillian",152,65,Canada,W
"Tyminska, Karolina",175,69,Poland,W
"Tziallas, Georgios",190,90,Greece,M
"Udachyn, Artem",186,160,Ukraine,M
"Udovicic, Vanja",193,94,Serbia,M
"Ueno, Yoshie",164,63,Japan,W
"Ueyama, Yasuhiro",162,59,Japan,M
"Ukumanov, Rustam",192,86,Kazakhstan,M
"Unger, Tobias",180,74,Germany,M
"Unsworth, Laura",157,54,Team GB,W
"Uptagrafft, Sandra",155,53,Team USA,W
"Urantungalag, Bishindee",175,74,Mongolia,W
"Urishev, Anzor",177,84,Russian Federation,M
"Uru, Jade",189,88,New Zealand,M
"Usami, Takashi",178,68,Japan,M
"Ushakov, Dmitry",176,64,Russian Federation,M
"Valdes, Maria Fernanda",162,75,Chile,W
"Valoyes Cuesta, Ubaldina",158,69,Colombia,W
"Van Der Horst, van der HORST Robert",181,77,Netherlands,M
"Van Der Weel, van der WEEL Zoe",161,61,Team GB,W
"Van Grunsven, Anky",170,56,Netherlands,W
"Van Houts, van HOUTS Rudi",177,64,Netherlands,M
"Van Hove, van HOVE Benjamin",187,85,Belgium,M
"Van Koeverden, van KOEVERDEN Adam",182,85,Canada,M
"Van Regemortel, van REGEMORTEL Anne-Sophie",173,63,Belgium,W
"Vanderwal, Rachael",175,66,Team GB,W
"Varnish, Jess",167,69,Team GB,W
"Vasco, Maria",157,47,Spain,W
"Vecchi, Irene",170,64,Italy,W
"Velikov, Radoslav Marinov",162,55,Bulgaria,M
"Verdasco, Fernando",188,81,Spain,M
"Vernon, Annie",178,75,Team GB,W
"Vesnina, Elena",180,65,Russian Federation,W
"Viljoen, Sunette",170,70,South Africa,W
"Villar, Paulo",183,73,Colombia,M
"Vincent, Gawain",186,83,Team GB,M
"Vincent, Jake",197,98,Team GB,M
"Vinsant, Savannah",160,54,Team USA,W
"Viteckova, Eva",190,80,Czech Republic,W
"Vitus, Maksim",178,68,Belarus,M
"Vodickova, Radka",171,55,Czech Republic,W
"Vogel, Kristina",160,62,Germany,W
"Volnova, Marina",170,75,Kazakhstan,W
"Von Geijer, von GEIJER Jonas",178,70,Sweden,M
"Vonarburg, Andre",195,100,Switzerland,M
"Voronova, Anzela",170,72,Estonia,W
"Vos, Marianne",169,52,Netherlands,W
"Vreeland, Shannon",188,79,Team USA,W
"Vukovic, Drago",194,93,Croatia,M
"WADE-FRAY, Jenaya",175,65,Team GB,W
"Walker, Jessica",177,72,Team GB,W
"WALKER-HEBBORN, Chris",184,80,Team GB,M
"Waller, Jack",187,95,Team GB,M
"Walsh, Kate",171,65,Team GB,W
"Walton, Sally",180,68,Team GB,W
"Wang, Hao",156,50,China,W
"Wang, Mengyu",170,70,China,W
"Wang, Ming-Hui",187,88,Chinese Taipei,M
"Warburton, Gareth",186,72,Team GB,M
"Warfe, Glenn",181,72,Australian Olympic Team,M
"Warlow, Rory",175,75,Team GB,M
"Waterfield, Pete",165,64,Team GB,M
"Watkins, Anna",183,78,Team GB,W
"Watson, Heather",168,64,Team GB,W
"Watt, Mitchell",184,83,Australian Olympic Team,M
"Weale, Sam",187,83,Team GB,M
"Webb, David",178,62,Team GB,M
"Weightman, Laura",172,56,Team GB,W
"Wells, Ashlee",181,71,Australian Olympic Team,W
"Wells, Matthew",188,90,Team GB,M
"Wende, Phillipp",199,89,Germany,M
"Westbrook, Russell",191,85,Team USA,M
"Whelan, Hannah",160,53,Team GB,W
"White, Ellen",170,58,Team GB,W
"White, Nicola",170,62,Team GB,W
"Whitlam, Olivia",185,73,Team GB,W
"Whitlock, Max",167,57,Team GB,M
"Wicks, Lucy",173,62,Team GB,W
"Wiersum, Peter",173,55,Netherlands,M
"Wiggins, Bradley",190,69,Team GB,M
"Wilcox, Chloe",172,62,Team GB,W
"Wilkinson, Michael",188,86,Canada,M
"Willhelm, Chloe",168,53,France,W
"Williams, Ciaran",183,81,Team GB,M
"Williams, Conrad",182,75,Team GB,M
"Williams, Daniel",177,73,Team GB,M
"Williams, Fara",164,61,Team GB,W
"Williams, James",188,75,Team USA,M
"Williams, Rachel",169,68,Team GB,W
"Williams, Rhys",185,73,Team GB,M
"Williams, Rob",185,75,Team GB,M
"Williams, Shericka",167,54,Jamaica,W
"Williams, Sophie",162,60,Team GB,W
"Williams, Venus",185,75,Team USA,W
"Williamson, Alison",175,75,Team GB,W
"Williamson, Simeon",186,95,Team GB,M
"Willis, Andrew",188,85,Team GB,M
"Willmott, Aimee",172,56,Team GB,W
"Wills, Alan",179,84,Team GB,M
"Wilson, Alastair",187,84,Team GB,M
"Wilson, Melanie",182,75,Team GB,W
"Wilson, Nicola",177,64,Team GB,W
"Wilson, Peter",198,90,Team GB,M
"WINSTANLEY - SMITH, Angie",179,66,Team GB,W
"Winther, Kasper",182,73,Denmark,M
"Wiss, Alain",180,73,Switzerland,M
"Wojcik, Katarzyna",165,57,Poland,W
"Wojtkowiak, Malgorzata",169,65,Poland,W
"Wong, Helena",158,53,Singapore,W
"Woodbridge, Nick",188,78,Team GB,M
"Xian, Yifang",170,62,France,W
"Xu, Lijia",176,60,China,W
"Xue, Chen",190,79,China,W
"Yakovlev, Vladislav",184,82,Kazakhstan,M
"Yamamoto, Kohei",182,69,Japan,M
"Yamamoto, Seito",178,66,Japan,M
"Yamauchi, Mara",162,51,Team GB,W
"Yang, Zi",178,65,Singapore,M
"Yankey, Rachel",164,56,Team GB,W
"Yano, Kyoko",165,60,Japan,W
"Yaroshchuk, Hanna",176,57,Ukraine,W
"Yazawa, Kazuki",167,65,Japan,M
"Yim, Junghyun",182,66,South Korea,M
"Young, Alison",181,67,Team GB,W
"Yu, Peng Kean",176,65,Malaysia,M
"Yurkovich, Rachel",180,70,Team USA,W
"Yushchanka, Yulyana",174,63,Belarus,W
"Yushkov, Ivan",192,130,Russian Federation,M
"Zabelinskaya, Olga",175,61,Russian Federation,W
"Zaiser, Lisa",174,63,Austria,W
"Zaitsev, Kostiantyn",193,91,Ukraine,M
"Zeller, Philipp",184,81,Germany,M
"Zetlin, Julie",168,54,Team USA,W
"Zevina, Daryna",182,64,Ukraine,W
"Zhakypov, Birzhan",167,49,Kazakhstan,M
"Zhang, Guowei",200,77,China,M
"Zhang, Jun",186,120,China,M
"Zhang, Zhaoxu",219,110,China,M
"Zhao, Yudiao",174,70,China,W
"Zhexembinova, Aigerim",164,47,Kazakhstan,W
"Zhou, Chunxiu",162,48,China,W
"Zhou, Peng",183,88,China,M
"Zlokovic, Boris",197,100,Montenegro,M
"Zolnir, Urska",173,63,Slovenia,W
"Zoric, Milenko",179,73,Serbia,M
"Zugaj, Nenad",177,84,Croatia,M
